{
 "index":{
  "map":{
   "luas_lahan":0,
   "luas_lahan:17":0,
   "luas_lahan:21":0,
   "luas_lahan:34":0,
   "luas_lahan:38":0,
   "luas_lahan:40":0,
   "luas_lahan:47":0,
   "luas_lahan:48":0,
   "luas_lahan:64":0,
   "luas_lahan:51":0,
   "luas_lahan:53":0,
   "luas_lahan:62":0,
   "luas_lahan:52":0,
   "luas_lahan:63":0,
   "luas_lahan:59":0,
   "luas_lahan:17#out:1":0,
   "luas_lahan:38#out:1":0,
   "luas_lahan:40#out:1":0,
   "luas_lahan:34#out:1":0,
   "luas_lahan:47#out:1":0,
   "luas_lahan:48#out:1":0,
   "luas_lahan:64#out:1":0,
   "luas_lahan:62#out:1":0,
   "luas_lahan:52#out:1":0,
   "luas_lahan:53#out:1":0,
   "luas_lahan:63#out:1":0,
   "luas_lahan:59#out:1":0,
   "luas_lahan:24":1,
   "luas_lahan:25":1,
   "luas_lahan:26":1,
   "luas_lahan:35":1,
   "luas_lahan:36":1,
   "luas_lahan:24#out:1":1,
   "luas_lahan:25#out:1":1,
   "luas_lahan:35#out:1":1,
   "luas_lahan:26#out:1":1,
   "luas_lahan:57":2,
   "luas_lahan:55":2,
   "luas_lahan:56":2,
   "luas_lahan:54":2,
   "luas_lahan:58":2,
   "luas_lahan:57#out:1":2,
   "luas_lahan:54#out:1":2,
   "luas_lahan:55#out:1":2,
   "luas_lahan:56#out:1":2,
   "luas_lahan:50":3,
   "luas_lahan:49":3,
   "luas_lahan:49#out:1":3,
   "luas_lahan:61":4,
   "luas_lahan:60":4,
   "luas_lahan:60#out:1":4
  },
  "url":[
   "support/slwebview_files/luas_lahan.json",
   "support/slwebview_files/luas_lahan_34.json",
   "support/slwebview_files/luas_lahan_53.json",
   "support/slwebview_files/luas_lahan_48.json",
   "support/slwebview_files/luas_lahan_59.json"
  ]
 },
 "homeHid":"1",
 "hasInformer":0,
 "optViews":[
 ],
 "hier":[
  {
   "name":"luas_lahan",
   "fullname":"luas_lahan",
   "sid":"luas_lahan",
   "icon":"ModelBrowser_ModelTop_16",
   "hid":"1",
   "lid":"luas_lahan",
   "parent":"root",
   "src":"support/slwebview_files/luas_lahan.svg",
   "thumbnail":"support/slwebview_files/luas_lahan.png"
  },
  {
   "name":"Model Control per Day",
   "fullname":"luas_lahan/Model Control per Day",
   "sid":"luas_lahan:34",
   "icon":"ModelBrowser_Subsystem_16",
   "hid":"2",
   "lid":"luas_lahan:34/luas_lahan:34",
   "parent":"1",
   "src":"support/slwebview_files/luas_lahan_34.svg",
   "thumbnail":"support/slwebview_files/luas_lahan_34.png"
  },
  {
   "name":"Model Control per Day1",
   "fullname":"luas_lahan/Model Control per Day1",
   "sid":"luas_lahan:53",
   "icon":"ModelBrowser_Subsystem_16",
   "hid":"3",
   "lid":"luas_lahan:53/luas_lahan:53",
   "parent":"1",
   "src":"support/slwebview_files/luas_lahan_53.svg",
   "thumbnail":"support/slwebview_files/luas_lahan_53.png"
  },
  {
   "name":"Social and Business dynamic Systems ",
   "fullname":"luas_lahan/Social and Business dynamic Systems ",
   "sid":"luas_lahan:48",
   "icon":"ModelBrowser_Subsystem_16",
   "hid":"4",
   "lid":"luas_lahan:48/luas_lahan:48",
   "parent":"1",
   "src":"support/slwebview_files/luas_lahan_48.svg",
   "thumbnail":"support/slwebview_files/luas_lahan_48.png"
  },
  {
   "name":"Social and business dynamic systems",
   "fullname":"luas_lahan/Social and business dynamic systems",
   "sid":"luas_lahan:59",
   "icon":"ModelBrowser_Subsystem_16",
   "hid":"5",
   "lid":"luas_lahan:59/luas_lahan:59",
   "parent":"1",
   "src":"support/slwebview_files/luas_lahan_59.svg",
   "thumbnail":"support/slwebview_files/luas_lahan_59.png"
  }
 ]
}